burn;six;donkey;lady;compound;hay;compare;parent;eaten;such
sweet;soil;kind;hungry;between;palace;taught;tell;only;yard
bush;difficulty;mail;any;disappear;becoming;connected;fat;fight;came
near;enjoy;bend;central;feathers;zoo;society;dug;greatest;thus
film;zero;day;nothing;excellent;mark;gate;way;cave;shown
train;darkness;difficulty;surface;record;railroad;forgotten;star;dress;key
longer;built;compass;second;straw;highest;fully;onlinetools;market;event
worth;noon;valley;west;size;factory;muscle;honor;child;was
active;enter;guess;pictured;total;wood;driver;size;given;wait
cell;theory;tired;receive;color;for;high;effort;whispered;enough
pass;congress;lie;perfectly;wonder;slightly;week;hunt;basis;line
division;dried;believed;greater;mean;never;raw;half;cake;radio
solid;friend;bill;method;fox;skill;pull;exist;muscle;sent
strong;television;became;one;industrial;red;carry;primitive;buffalo;poet
answer;spring;community;helpful;various;space;tide;thank;bad;barn
clearly;secret;name;sold;meat;might;prevent;reader;look;eight
outline;square;adult;root;dot;rising;driving;nor;morning;spent
list;thus;draw;screen;load;feature;city;program;taste;cook
send;electric;conversation;own;type;chamber;exact;seen;pretty;point
fox;author;rise;kids;face;remember;victory;said;company;eventually
ask;indeed;49401722E;route;vowel;stems;low;cake;mad;entire
by;cutting;dark;whom;stand;person;wheat;winter;attention;clearly
surface;number;few;flew;clothing;forward;arrive;salmon;image;being
knife;music;seen;under;phrase;meat;managed;close;swept;some
jack;steam;bite;burst;current;indicate;writer;fence;accurate;pretty
arrive;throw;animal;me;river;rather;bear;dollar;dream;graph
remain;everybody;automobile;inside;upon;in;collect;place;watch;positive
other;bill;swam;birds;brother;paragraph;goose;fifty;vegetable;pure
enter;reader;leaving;series;rough;system;dress;alone;smaller;quick
magic;single;bare;wind;done;subject;care;cast;tonight;matter
said;mark;soon;sitting;conversation;due;fewer;wealth;darkness;return
huge;definition;ability;us;few;it;variety;while;tears;dark
hit;cold;union;outline;flew;dot;represent;crew;positive;hall
game;pattern;listen;spell;size;milk;cloth;please;opportunity;this
day;them;policeman;jar;wheel;muscle;fifty;behavior;somebody;grain
settlers;neck;will;swimming;opinion;replace;sent;kill;space;blanket
modern;object;if;information;explanation;recently;forth;living;look;mile
met;mood;chapter;partly;class;tail;flight;high;total;bill
worth;pool;wave;putting;army;strength;unknown;wild;cloud;remove
chemical;fun;throughout;glass;select;burst;diameter;age;slowly;stove
said;usual;fellow;fight;chosen;bill;at;ants;team;replied
tune;place;twenty;built;breathe;garage;tune;dollar;disease;pain
kids;twelve;by;diameter;actually;handle;land;broad;school;visit
goes;climb;single;exchange;opportunity;eaten;said;lonely;height;slept
steady;direction;possible;adult;mean;nearest;children;statement;creature;dream
sand;ran;daily;sleep;battle;carried;check;height;pleasant;exercise
drew;cotton;somebody;service;earlier;grow;green;total;rhythm;there
sets;film;sheet;bar;verb;joined;kill;clothes;complete;dozen
tool;composed;lift;mud;measure;shape;quietly;clearly;triangle;door
lungs;unhappy;simply;write;order;coach;step;composed;field;may
massage;fast;green;gravity;happy;simplest;salt;over;line;whale
coast;rain;scale;stepped;nearer;early;hole;tried;number;pleasant
pet;sang;friendly;instance;we;relationship;shut;add;space;raw
require;shinning;possibly;express;plural;pass;hello;properly;discussion;scientific
green;arrive;tune;port;turn;basic;salmon;becoming;surface;coast
fire;job;brought;till;town;frighten;road;yourself;means;merely
effect;palace;particular;bread;ought;type;some;tin;known;circus
large;number;copy;contain;those;driven;enemy;early;oldest;play
his;breakfast;talk;know;shall;enemy;feel;animal;who;loose
nearest;fast;library;higher;determine;verb;pocket;atmosphere;blue;yet
taken;nothing;force;wind;breathing;brown;which;pay;excellent;exchange
guess;sudden;additional;turn;come;made;son;specific;anything;death
one;school;noise;lead;card;realize;pink;pond;shop;elephant
various;combination;area;charge;arrangement;constantly;organized;salmon;scared;tropical
solve;left;massage;pot;soap;might;could;stream;kids;cabin
drop;wonder;rest;passage;grass;headed;scene;modern;art;children
recall;older;pitch;alive;laid;ocean;evidence;laugh;enter;food
native;compare;teeth;yellow;control;plenty;excited;longer;pencil;completely
globe;rocket;reason;lovely;born;promised;affect;factory;native;possibly
end;there;machinery;told;numeral;trace;feel;mostly;stuck;suit
wrapped;yes;trunk;quarter;bread;cake;design;call;thirty;been
for;gentle;tent;badly;question;rate;train;slowly;opposite;acres
get;cave;reason;plates;identity;until;shelf;doubt;chest;slightly
keep;compound;cry;diameter;deer;allow;forgotten;plural;taken;together
knowledge;swimming;joy;settlers;listen;detail;carbon;live;great;forth
aid;amount;college;brought;whenever;flat;tool;newspaper;forward;recent
symbol;prize;garage;closely;correctly;headed;been;least;difficulty;bad
copper;earn;clear;function;truck;chapter;park;child;ate;wrong
term;raw;past;dollar;harder;bear;pressure;found;certain;part
sweet;instant;monkey;goose;spent;themselves;pleasant;please;power;surprise
enough;occasionally;never;folks;observe;us;tightly;fireplace;colony;refused
show;tight;kitchen;its;bag;alphabet;hair;information;industrial;hall
clear;53302493Q;opposite;thin;making;frighten;continent;rock;lovely;hang
fresh;life;century;afternoon;refused;pale;get;egg;lucky;let
region;arrangement;while;walk;pass;floating;dull;build;queen;bad
quite;fastened;smaller;excellent;replace;one;carried;safe;himself;structure
number;feet;court;he;enemy;weak;chief;compare;call;door
give;brief;string;clear;useful;declared;care;turn;unless;composed
either;fastened;rate;pink;band;basic;heard;cent;wheel;compass
beneath;plate;news;map;make;please;recall;available;theory;track
from;hour;factor;apart;cage;lovely;person;want;paid;happy
therefore;fat;help;shaking;stop;thumb;news;bright;half;land
select;white;today;brought;seed;harbor;key;band;grow;about
nest;alphabet;composition;condition;nearby;paper;remember;personal;large;author
happy;father;factory;until;factor;review;press;front;train;disappear
officer;natural;airplane;though;jump;farmer;thin;important;shells;neighbor
lips;prize;sets;rocket;customs;strength;coal;green;habit;shinning
right;involved;center;tin;open;she;tobacco;score;coffee;gone
image;dry;experience;eight;told;made;week;gravity;shop;play
gulf;did;powerful;farther;explanation;bright;life;waste;nearest;biggest
pool;accept;century;ground;therefore;memory;church;fear;felt;familiar
bee;current;heavy;better;many;develop;master;thought;cattle;lungs
loose;range;thee;night;though;vegetable;fourth;rabbit;taste;claws
hello;thumb;though;luck;married;when;slightly;notice;facing;escape
dot;tone;came;dish;hand;each;loose;behavior;safe;similar
oldest;spent;safety;tribe;winter;related;bent;pass;spring;bite
brave;special;yes;physical;nor;grown;shall;grain;frighten;flame
describe;whose;behavior;magic;affect;shake;clearly;dear;little;rush
did;toward;invented;bring;surrounded;nation;begun;transportation;once;village
spread;smallest;swimming;establish;forgot;ranch;ordinary;folks;label;cabin
mysterious;in;except;force;material;gentle;tropical;together;began;pan
pattern;division;tales;place;satellites;thin;late;on;evidence;combine
minute;rich;direction;tail;hearing;but;military;daughter;bear;factor
hidden;adult;scale;shot;practical;leaving;weather;mix;courage;load
captain;forth;count;anyway;lady;meal;funny;onlinetools;silence;method
luck;seems;afraid;so;exact;fall;sugar;hill;root;action
fine;term;husband;receive;could;seen;would;out;was;customs
previous;doctor;recall;corn;characteristic;same;green;water;cheese;dark
ocean;smallest;too;ants;chart;proper;strange;circle;government;swing
ago;thee;flower;youth;equal;drive;title;fought;headed;tongue
engineer;feet;kept;negative;education;frequently;earlier;bound;fuel;process
weigh;four;win;blind;event;earn;were;cattle;written;farm
blank;motion;return;dollar;piece;along;train;card;society;finally
pink;station;another;airplane;tide;noun;nails;report;smile;break
money;farmer;able;reader;happened;rain;story;lonely;different;folks
piece;huge;old;shelf;aid;electric;explore;becoming;way;river
mood;get;rose;fair;prepare;oxygen;influence;layers;sing;blank
unknown;saved;hollow;excited;occasionally;forget;port;wheat;policeman;contrast
dish;heat;practical;view;salmon;pay;tower;hour;elephant;radio
fat;thousand;speech;job;seat;zero;sea;fort;sit;direct
again;ear;nuts;growth;dangerous;guide;attack;paper;add;object
shine;knew;fill;morning;kids;is;judge;school;flower;loose
repeat;then;larger;hurt;chart;us;stretch;or;sort;pony
scientific;allow;cake;quarter;speak;pupil;phrase;decide;eat;determine
victory;honor;below;mail;baseball;birth;steep;behavior;ought;practice
glad;once;growth;claws;temperature;five;heard;town;eat;universe
myself;begun;further;her;recall;as;boat;fastened;well;watch
blind;parallel;when;hundred;magnet;slight;finger;place;world;egg
purpose;nothing;list;funny;ran;pie;everything;congress;court;rule
slave;world;jump;whistle;central;key;useful;near;correct;own
hurt;ate;birth;negative;question;bat;leave;owner;parts;flat
slow;original;symbol;meant;cool;total;living;compare;excitement;habit
amount;these;dozen;valley;blew;exist;curve;do;shown;liquid
refer;open;include;this;rising;show;tobacco;plates;swam;sang
house;leg;species;53161239M;worse;knowledge;dish;music;organization;bit
hunter;cave;anyone;changing;consider;throw;worry;harder;road;handle
handle;vessels;without;declared;frequently;driven;because;cabin;twenty;younger
east;paint;task;occur;surface;thee;owner;afternoon;grandmother;late
women;gasoline;blue;fed;tone;together;care;highest;disease;lady
summer;variety;production;done;deeply;treated;make;work;remove;strength
respect;pole;active;tales;garage;station;club;hungry;idea;flew
seed;call;till;goes;somewhere;evening;native;join;goes;conversation
line;warm;threw;everybody;effect;pain;tool;scene;call;root
quiet;fastened;speed;anyway;class;chicken;tie;eleven;either;service
student;someone;tall;twelve;got;progress;feet;mouse;pilot;this
exclaimed;make;ask;height;courage;directly;score;wish;collect;social
plates;happy;dish;fog;individual;scale;dish;judge;lose;private
happily;provide;row;butter;had;moment;behavior;lack;rising;each
hall;mental;bat;gate;mind;apartment;bright;solve;spin;step
at;research;island;each;judge;wrote;search;lack;pocket;themselves
weather;leave;put;copy;slide;refer;fallen;probably;symbol;symbol
skin;box;say;setting;state;specific;saved;far;hall;locate
police;guide;conversation;hour;account;just;breathe;carry;roof;freedom
such;smaller;add;harbor;weather;upper;similar;wild;might;street
hungry;evidence;scared;triangle;three;library;captain;exclaimed;danger;these
outline;setting;thou;available;character;meant;needs;step;bat;pot
became;pay;bent;color;mysterious;swung;verb;particularly;certainly;smaller
compass;saddle;egg;written;bigger;ship;dinner;even;origin;hurried
satellites;gun;instrument;art;solar;look;these;donkey;she;mathematics
species;obtain;settle;theory;play;whole;tent;leader;middle;itself
serious;exercise;porch;fight;sink;hair;some;sudden;hollow;easier
location;require;tube;allow;foot;middle;loss;ocean;slightly;joy
weak;curious;tongue;stop;love;general;thread;refer;gone;class
pole;suggest;closely;real;worried;since;musical;fierce;habit;brush
wheat;report;pan;major;citizen;sun;root;last;team;jungle
invented;lesson;create;lake;chance;dull;he;band;everybody;education
center;chief;for;anybody;blanket;event;sold;sweet;dull;ask
shut;place;bowl;stranger;nearly;wife;serious;family;hole;rain
hardly;for;during;needle;grandmother;stick;strength;order;everything;log
shallow;person;longer;moving;carbon;afraid;point;aside;replace;plant
printed;twelve;carefully;motion;unusual;setting;parts;support;hospital;changing
poetry;softly;lying;relationship;hair;captured;funny;limited;settlers;than
hurry;pair;wrote;control;member;outside;something;world;came;silly
wall;tip;teach;name;weather;pale;boy;he;letter;snow
fur;four;represent;modern;short;pride;farther;below;enough;require
effect;sound;settlers;evidence;mad;minute;toward;cheese;imagine;ear
anyone;problem;wheat;tightly;seeing;storm;giant;express;although;eight
instant;sharp;somehow;mile;refused;easier;sent;something;using;surface
record;eye;adjective;pupil;put;pet;day;military;dull;broken
means;was;direction;me;review;equator;inside;end;prepare;finish
bowl;learn;exchange;quickly;seven;citizen;visit;week;clean;wall
born;spread;doll;library;vowel;spite;smoke;round;jump;mile
young;sheet;loose;black;finally;tonight;author;dangerous;sport;model
bite;duty;noted;blanket;friendly;sail;there;horse;vast;body
whom;goose;birthday;hide;attempt;ocean;arrow;steep;string;porch
general;seeing;death;quietly;measure;value;bent;religious;paragraph;author
electricity;pocket;moving;shape;highway;pipe;religious;train;whether;bigger
seed;knowledge;ready;worry;shinning;success;simple;baseball;visit;dinner
firm;exact;closer;atomic;religious;it;led;sell;wrapped;lift
sent;older;inside;uncle;vessels;southern;familiar;center;thus;back
wind;secret;bell;wonderful;fifteen;widely;badly;circle;music;month
cup;fought;period;particles;small;neck;salmon;milk;tobacco;voyage
grass;torn;thank;possibly;though;equally;come;appearance;duty;brain
correct;familiar;weight;statement;birds;wheat;seems;beat;bottom;science
south;leaving;jet;development;sell;thousand;manner;next;spider;run
program;contrast;complex;piano;nearby;coat;willing;noted;lamp;had
order;either;main;examine;evening;acres;instrument;visit;needed;moving
ourselves;religious;energy;due;pack;frog;valuable;motion;bare;article
interior;step;could;alike;truck;silly;swept;rough;wherever;principal
safe;coach;recognize;occasionally;know;beneath;captured;melted;queen;grown
moment;could;broad;tank;army;birds;variety;verb;mighty;anywhere
few;mouth;bridge;door;sharp;forget;pictured;far;sport;baseball
thrown;nearer;yellow;beginning;chief;if;scared;difficulty;get;stairs
birthday;band;than;positive;burn;night;plastic;fell;expression;floor
government;important;turn;slipped;these;oldest;score;on;belt;relationship
kitchen;build;tall;got;alone;flower;saved;pour;consider;laid
sit;direction;watch;notice;stepped;common;yellow;soldier;middle;up
telephone;organized;be;down;has;daily;build;leaving;stand;silk
safe;unusual;dress;tongue;place;pole;area;promised;southern;wonder
taken;number;clay;exercise;dirt;wave;satellites;hung;moon;height
statement;solar;cost;throat;joy;wrong;led;open;like;according
property;luck;just;sight;corner;merely;hold;call;construction;mostly
zoo;political;act;cookies;jar;organization;exchange;progress;because;please
force;running;explanation;frame;breath;constantly;sharp;drove;caught;brave
whispered;carried;group;metal;getting;purple;about;mix;offer;safety
cattle;sold;yesterday;bow;mile;shadow;slept;average;trick;everywhere
beside;34284972E;coffee;instrument;sight;written;bank;two;star;raw
depth;managed;cave;limited;mark;its;tool;movement;half;funny
seems;opposite;rise;bottom;however;taken;shelf;taken;work;pair
lucky;running;caught;jungle;lunch;learn;earn;subject;related;tax
brief;six;handle;driven;gradually;test;range;mud;himself;fast
might;contrast;recently;seven;chain;use;slowly;sunlight;shop;halfway
flew;laugh;will;ice;warn;appearance;surrounded;wing;swept;changing
remember;positive;meat;gray;final;length;farm;bet;church;throughout
arrive;screen;whispered;loss;atomic;chosen;explanation;watch;pure;fix
easily;bear;invented;sink;brave;fought;strength;behind;radio;construction
nobody;standard;color;goose;pan;impossible;like;affect;this;shot
wool;close;mud;will;tax;theory;refer;daughter;broken;straw
close;parts;bush;muscle;suddenly;single;negative;told;officer;highest
waste;storm;met;sister;snake;cap;divide;symbol;gray;flat
greatest;east;tomorrow;screen;ancient;die;art;energy;gun;adult
beauty;slipped;when;double;card;customs;symbol;energy;serious;leaving
act;information;still;easier;eager;square;fewer;we;storm;tears
stick;line;height;there;voice;likely;heard;frozen;voice;soon
around;pour;rhythm;pale;that;remember;ask;empty;customs;quite
unusual;short;spend;time;car;beneath;equal;fact;property;range
most;sense;skill;moment;home;oil;numeral;limited;fairly;both
oil;sleep;usually;standard;than;victory;hope;sense;ever;hay
court;vessels;village;hill;duck;knife;article;watch;giving;after
molecular;tiny;grow;journey;ran;worry;radio;condition;glass;government
in;horse;color;he;speed;usual;time;likely;condition;pile
buried;vote;sell;ought;fort;forget;had;brown;form;write
pitch;scientist;road;baseball;read;his;ruler;bone;bet;coach
me;former;division;up;tribe;soil;waste;topic;ants;determine
which;off;fence;roll;period;hair;luck;compare;hurt;slip
compare;handsome;burn;matter;complete;steady;sense;whistle;dog;add
possibly;coal;engineer;bigger;army;score;spent;tone;anyone;life
driving;instrument;here;someone;chapter;rich;broad;whispered;new;busy
finally;want;count;high;hide;thank;open;able;dried;education
vast;gone;parent;myself;travel;spread;send;alive;season;fairly
moment;door;appearance;job;melted;basket;material;left;eager;light
him;into;cannot;spend;both;duck;now;religious;tonight;choose
troops;talk;herd;pupil;constantly;itself;failed;property;noon;nature
missing;saw;tropical;require;about;instant;judge;first;stay;should
motion;time;alphabet;principle;long;anything;tomorrow;cut;personal;previous
radio;dinner;massage;slabs;offer;badly;caught;both;teeth;expect
another;introduced;chemical;far;sunlight;heard;construction;enter;cookies;gas
greater;bush;butter;suggest;failed;camera;population;although;people;yesterday
stranger;tribe;room;fact;thrown;establish;chamber;composition;entire;copy
accurate;gain;at;stock;wool;ancient;struck;contrast;planning;garage
did;cutting;motor;ten;peace;man;shelter;else;automobile;symbol
add;powerful;frequently;loss;bill;direction;repeat;begun;key;describe
pride;wide;met;bring;satisfied;throw;his;happy;quiet;snake
ring;went;dull;away;wheat;rubber;shut;its;job;first
themselves;promised;factory;coffee;sky;except;onto;plane;capital;determine
useful;real;model;simplest;making;language;operation;laugh;officer;independent
original;till;behavior;father;what;satisfied;copper;farther;quiet;no
rule;stream;uncle;plates;cast;seed;jack;silent;solar;honor
riding;chair;private;cry;officer;unhappy;wish;observe;highest;scared
solve;women;fight;four;climb;moving;oil;high;put;bad
story;getting;announced;being;hurt;drove;worse;drove;heat;worried
pass;man;beyond;fireplace;dead;whatever;dark;thumb;pipe;ground
shine;mad;along;early;brave;fought;fierce;signal;free;blow
night;probably;plus;suppose;book;dream;since;mental;rest;begun
care;than;hurry;herself;54939462Y;only;zero;mad;care;heard
bill;pet;automobile;press;team;swam;angle;lie;news;forgot
stay;lack;reason;larger;been;earth;captured;refused;organized;thee
short;ship;along;exciting;grass;author;skill;early;local;track
indeed;gently;aboard;primitive;nervous;manner;happy;wonderful;indicate;beauty
layers;consonant;hung;ocean;directly;bend;twelve;listen;silver;ask
badly;shore;engineer;remove;handsome;throw;themselves;firm;indeed;nine
conversation;brought;transportation;forgot;himself;noun;quite;kill;particular;setting
poet;kept;began;note;particularly;alive;soil;jet;busy;hello
soft;straw;afternoon;smooth;slope;rock;gentle;shelf;review;nodded
out;love;leader;exactly;saved;straw;back;noted;duck;everything
put;men;ice;motor;kept;teach;chamber;bet;worth;duty
each;welcome;expect;taken;gray;find;trap;park;shore;account
spin;favorite;every;production;share;electric;although;clothing;loose;whispered
needle;return;discover;height;once;melted;check;ball;flower;later
fur;tiny;pull;height;merely;pick;wood;front;slightly;pour
down;war;wagon;when;recognize;income;long;excellent;solar;twelve
from;rapidly;happened;shorter;potatoes;himself;no;pour;citizen;television
farm;blank;last;us;chemical;will;pen;ocean;pot;art
establish;ready;attached;everyone;stronger;surface;mysterious;onlinetools;surface;film
movement;simplest;strike;bridge;movement;swam;courage;every;apartment;slowly
solar;wish;purple;industrial;hat;successful;moving;customs;taught;fine
slipped;vegetable;syllable;position;remain;final;sick;lion;peace;she
thumb;examine;dull;chamber;imagine;they;certainly;band;transportation;day
tone;whenever;post;given;inch;piano;molecular;direct;noun;rate
toward;national;myself;rate;greatly;space;according;breakfast;solve;battle
day;screen;specific;smoke;especially;species;equipment;finish;determine;shaking
almost;kids;enter;leader;table;toy;arrive;known;mark;slope
whom;weak;chair;pleasure;suggest;luck;thus;almost;mix;ran
knew;flight;progress;pound;almost;mistake;rod;mix;although;hold
word;neighborhood;stone;crowd;region;this;along;angry;six;bill
bad;fence;clearly;crew;frame;spider;kind;origin;he;dull
plural;structure;independent;deeply;way;married;wore;bill;show;factory
younger;forth;wealth;discover;equally;afternoon;fuel;dish;first;nearly
constantly;active;better;smell;grandfather;cloud;butter;led;fellow;bone
newspaper;expect;goes;largest;likely;nearly;bite;various;increase;birthday
arrange;red;his;creature;policeman;making;size;supply;able;sister
bus;correct;grandfather;fair;into;hunt;chemical;dangerous;twice;numeral
wrong;every;knew;face;start;paragraph;post;reason;shut;hungry
hide;port;whether;till;radio;facing;basic;taste;wrapped;loud
construction;worried;deep;nuts;duty;knew;negative;instead;smallest;sure
ground;announced;figure;hunt;flow;doubt;through;exciting;angry;subject
catch;attached;finally;clay;outer;vowel;hundred;shake;fun;led
excitement;edge;book;energy;brick;everybody;exchange;progress;waste;comfortable
teeth;trap;solve;luck;single;finger;circus;throw;flight;headed
free;pony;have;everybody;hurried;drew;heart;concerned;fix;wise
shelf;nose;swim;theory;living;mice;went;fast;sudden;reach
tool;range;thy;box;anything;welcome;fire;class;put;establish
land;began;apartment;dinner;promised;map;later;noun;even;cookies
capital;period;shells;twenty;strange;secret;of;fact;furniture;test
plane;old;skill;ordinary;swimming;post;old;bowl;gold;without
bright;fuel;choose;glass;game;cowboy;record;beyond;greatly;cause
red;lie;activity;exchange;satisfied;lamp;beauty;straight;knew;chest
practical;smaller;business;leaf;mill;silver;important;composition;wheat;ask
number;meat;monkey;copy;noun;lost;applied;room;women;locate
dust;like;wash;cent;ran;clothes;chicken;discover;north;pilot
composed;birds;spread;reason;pine;draw;vegetable;dream;rest;fourth
underline;grain;huge;goose;work;rice;grain;save;being;suppose
spring;night;cost;improve;running;bark;without;read;men;huge
manufacturing;account;one;result;today;him;sale;farm;actual;mind
band;box;dig;bear;acres;that;pet;noted;spider;two
take;wild;tears;theory;grass;ranch;tube;lady;wheat;drink
find;scared;interest;speak;elephant;identity;stairs;army;ants;border
interior;fact;prove;stranger;half;age;given;hungry;addition;fed
strike;having;stronger;loss;tax;pleasant;heard;been;is;split
oxygen;broken;poor;check;deeply;remarkable;crop;gave;garage;mouse
call;stay;rope;safety;universe;eight;bend;so;plastic;built
race;remain;concerned;snake;notice;addition;music;establish;separate;respect
34305312F;probably;rhyme;frighten;happily;pool;deer;jar;depth;avoid
spin;bread;search;vapor;feed;sheet;fair;rise;season;army
greater;strike;fuel;height;run;rhyme;dropped;chose;bone;else
company;bottle;wear;scale;or;fuel;alike;post;plain;type
take;boy;scared;monkey;letter;difficult;replace;meet;pound;fastened
refer;element;or;quickly;these;engineer;along;shade;rope;great
enter;engine;mysterious;settle;almost;hit;familiar;possible;wheat;ruler
sail;slip;rays;land;ranch;bean;determine;including;kept;species
separate;oil;since;wheat;area;saved;wife;death;create;primitive
dead;declared;pencil;battle;near;whatever;wet;truth;person;doubt
beyond;climb;baseball;night;carry;sea;relationship;within;pink;put
mixture;thus;business;buried;bark;aloud;plural;enemy;plan;red
fill;hollow;make;railroad;thick;liquid;tax;calm;entirely;hill
identity;while;judge;learn;planned;planning;jump;coast;garage;point
correct;steam;cold;away;carried;variety;deer;occasionally;older;first
stomach;dance;purple;skin;clean;happy;thumb;property;pattern;past
darkness;neck;tears;joined;throat;oxygen;frog;bill;snake;disappear
crowd;fine;common;anybody;letter;bone;gentle;taken;talk;girl
party;fire;flew;acres;root;image;dollar;powder;touch;book
case;afraid;compare;action;rod;blow;chamber;cow;balloon;likely
dish;easy;species;detail;outside;wrote;develop;tight;seeing;twice
printed;field;layers;similar;beat;oil;crowd;eventually;stove;union
tent;condition;neck;partly;root;stone;throughout;recently;properly;there
hold;away;refer;difficulty;add;anything;behavior;wagon;music;blew
rice;recently;cabin;busy;operation;sight;sit;fireplace;elephant;heart
ice;burst;card;throughout;lovely;finest;purpose;about;settlers;printed
boy;anywhere;disease;light;hand;object;dried;mice;me;become
imagine;five;hill;angle;desk;herd;under;worker;dropped;failed
sat;guide;many;card;personal;whole;perfect;fog;fifth;rather
fix;this;radio;rest;flies;spend;promised;telephone;toward;merely
aside;effect;got;negative;broad;announced;cry;family;rich;pot
sometime;policeman;grass;equally;angle;seed;alone;wing;large;five
forth;orange;according;everyone;rubber;follow;post;stranger;arm;manufacturing
soil;nobody;pain;canal;eat;pupil;another;victory;income;jungle
that;mark;music;price;saw;fine;meant;adult;grandmother;work
enemy;tent;running;current;studying;clearly;stuck;hit;provide;on
who;sight;barn;do;leg;desert;laugh;stream;rich;hearing
worried;general;breeze;parts;rose;stream;window;season;nest;human
now;deal;when;square;doctor;me;support;men;mountain;solve
daughter;rays;kids;function;told;aloud;chemical;settlers;thus;great
spell;wait;atom;pale;could;wait;tool;particularly;pull;got
meet;select;someone;shoe;current;children;swam;individual;therefore;merely
everybody;river;paint;hunter;after;then;evening;southern;bet;trip
visit;history;dot;shine;widely;dirty;furniture;wise;once;gas
major;our;got;nails;53300503G;what;repeat;orbit;material;elephant
vast;football;aid;if;broken;does;explanation;becoming;massage;shells
spoken;eventually;provide;color;biggest;grow;reason;summer;try;cutting
health;say;even;past;shall;partly;happy;former;became;double
darkness;finger;automobile;mountain;sunlight;mainly;piano;pilot;island;ten
about;entire;themselves;shelf;breathe;early;library;human;vertical;smoke
felt;previous;that;shadow;cat;not;somewhere;verb;chicken;clearly
basis;present;talk;fast;real;men;brave;eaten;function;chamber
congress;complex;closer;sweet;stock;train;stove;rock;actual;calm
fully;nuts;watch;honor;nails;handsome;scientist;sun;pig;mission
harder;support;apartment;cabin;allow;difficult;factory;reason;base;paint
him;though;tube;some;by;environment;acres;pencil;stairs;night
large;music;stood;our;sister;today;influence;say;sink;year
am;tonight;heat;outside;held;milk;week;vote;strike;chair
largest;fish;fallen;husband;chart;band;pond;handsome;like;under
dust;raw;54128281N;hall;bit;mean;sight;cup;design;explain
divide;bill;laid;fast;copy;late;seems;grew;mistake;program
new;present;article;atmosphere;center;printed;pure;fat;magic;blanket
on;shaking;day;hurried;somehow;brush;great;country;anywhere;over
made;volume;could;play;my;surrounded;hang;vertical;zero;law
in;stared;dirty;ruler;beside;wherever;film;basic;determine;clean
lift;beyond;present;whom;wagon;fat;arrive;strength;blew;huge
day;experiment;person;usual;range;till;studying;frog;twelve;pride
bottom;like;him;powerful;require;salmon;experiment;process;struggle;cage
sound;exactly;box;solve;now;said;wise;into;furniture;football
pick;thing;underline;chief;straw;represent;zoo;call;habit;flies
noted;our;whistle;baby;loss;case;threw;in;camp;result
work;member;speed;under;led;tribe;force;fly;itself;weight
shelter;depend;atomic;stick;toy;coffee;melted;only;hardly;porch
wool;deal;somewhere;provide;world;face;man;lose;tail;rocky
roll;understanding;learn;studied;tomorrow;ahead;brain;burn;wait;judge
almost;brief;apartment;passage;record;ago;modern;north;desert;boy
spell;well;on;development;shade;handsome;we;environment;lost;yet
palace;cave;prize;level;daily;wheel;captured;automobile;audience;carry
greater;while;properly;rod;news;try;equally;hollow;arm;basic
honor;century;pride;everybody;pure;wagon;coach;flies;relationship;one
understanding;help;base;brain;poetry;pool;promised;shaking;regular;nearly
pride;son;progress;education;willing;desk;lose;baby;neighbor;if
cookies;then;table;suddenly;show;car;opportunity;managed;habit;fed
public;surprise;tight;felt;said;front;running;frozen;pattern;explanation
obtain;come;managed;adjective;read;guide;road;best;author;aside
short;porch;design;boy;west;line;both;house;camera;although
hundred;leaf;nearest;slave;tune;guide;recently;room;fill;kill
produce;completely;care;stuck;away;dozen;happen;happened;chosen;riding
tail;plastic;another;tropical;brain;thou;pot;shine;sense;fire
task;band;garden;married;snow;lonely;level;frighten;farmer;scared
within;light;knowledge;throughout;out;measure;already;shout;solve;rubbed
favorite;wash;negative;put;choose;those;land;nobody;fully;thin
contrast;whispered;studied;sale;does;melted;sunlight;noon;anything;agree
shop;move;musical;buried;base;friendly;truck;trace;ten;aware
beginning;belong;height;allow;forty;stop;meant;captain;meat;anyone
fire;guard;either;stairs;path;manufacturing;page;copy;forth;day
additional;stand;feature;active;rather;apartment;full;air;climb;rapidly
forest;throughout;chapter;flew;standard;walk;labor;produce;percent;modern
one;worker;weather;see;earn;deeply;swimming;box;opportunity;rather
recognize;knew;dirt;television;brush;agree;tea;getting;die;recently
tin;furniture;rubber;general;anything;political;leaving;luck;growth;also
widely;studying;remain;cannot;above;whether;mysterious;circus;obtain;command
instrument;mainly;having;thrown;couple;waste;property;interest;hide;stared
poet;successful;official;two;screen;softly;round;compound;tales;question
step;branch;getting;dirty;tears;excellent;electricity;animal;hurry;route
season;eye;perhaps;film;found;sheep;rhythm;worker;lost;ever
television;tropical;guide;should;basis;begun;team;finger;saved;garden
wheel;improve;obtain;bear;therefore;season;guide;club;happily;test
roll;kill;learn;hair;shown;eight;problem;weight;boy;dark
on;split;remove;steam;closer;name;history;afraid;left;lost
parent;doing;world;offer;change;unless;rush;child;myself;motion
yesterday;bank;electric;learn;balloon;strong;ride;school;disease;sheet
likely;information;ground;radio;shelter;circus;rest;eager;north;successful
cast;number;different;table;fear;food;carbon;energy;below;help
belong;giving;hollow;rich;growth;egg;identity;her;people;pictured
perfect;quickly;route;wish;room;general;west;meet;within;aware
clay;ready;child;straw;newspaper;smoke;were;consonant;species;chair
found;instrument;slabs;herd;blow;rope;political;arm;piano;gravity
society;walk;improve;handle;thick;nodded;ought;not;herd;city
broad;rocket;journey;because;simple;hay;pine;more;dawn;image
seldom;enemy;mile;sing;solid;transportation;necessary;sky;front;taken
line;sick;origin;service;wheat;accident;behavior;dream;can;later
related;determine;riding;frighten;particularly;earth;shade;terrible;throw;forgot
climb;cool;hat;balance;low;ordinary;term;along;factory;establish
bark;feet;view;Y4871670P;city;knowledge;sometime;accident;wet;powerful
magic;sheet;certainly;warn;may;eight;him;something;stems;listen
neighborhood;full;final;right;chicken;motion;force;title;lips;smoke
selection;every;began;evening;its;dead;myself;greatest;accept;shake
buffalo;quite;change;sink;our;fully;found;fruit;beyond;system
shelter;ready;vowel;if;face;indeed;drove;buffalo;taken;someone
describe;however;organized;begun;appearance;hollow;pleasant;whispered;silk;curious
problem;full;heard;shirt;also;slide;highway;due;air;under
instrument;grade;eager;headed;press;use;brave;path;correctly;able
hill;bus;leader;writer;agree;replace;large;pet;figure;however
front;more;proper;ground;activity;anyone;edge;series;extra;car
religious;broad;leaving;crowd;quiet;comfortable;area;led;tide;broke
public;fog;beat;hard;wheat;until;chapter;should;myself;writer
seen;crew;below;replace;equator;pack;greater;tank;largest;thumb
even;winter;still;both;correctly;shake;fear;tell;thin;baby
specific;foot;purple;variety;just;plate;beneath;farmer;bent;stick
seeing;sold;dream;blank;flow;grandfather;carbon;sheep;escape;iron
planet;what;poet;familiar;somewhere;plain;took;brown;coast;spin
fierce;husband;idea;factor;give;halfway;swam;fur;bad;system
express;roof;easier;tongue;journey;told;bottle;size;day;top
chamber;spirit;evidence;spend;available;name;sheep;while;green;affect
in;due;detail;deer;repeat;theory;police;attempt;thy;hair
mother;shells;how;wrong;been;tea;weigh;current;weigh;farm
gasoline;condition;arrow;movie;bread;fought;fastened;present;walk;adjective
tail;construction;division;pure;page;office;family;various;command;bar
also;only;instant;circus;ranch;aboard;hope;goes;fast;refer
flat;powder;three;base;easily;stream;place;fellow;equator;gently
diameter;sink;local;drink;late;nuts;troops;anybody;until;very
stopped;sheet;mind;manner;expression;opinion;high;particles;fifteen;clock
leaf;necessary;rear;sand;simple;rear;brother;wrote;sat;law
also;experience;fed;teacher;joined;part;factory;pen;red;southern
settlers;child;famous;fight;physical;to;missing;silly;lose;porch
meat;halfway;mix;repeat;finish;short;journey;law;color;pony
introduced;complete;bar;goose;order;especially;clock;only;able;north
silence;talk;fish;complex;dress;order;apart;worried;eye;advice
mistake;garden;poem;does;audience;forty;rule;tree;most;jack
pitch;solve;radio;dirt;long;father;tent;represent;away;announced
stay;everyone;effect;desert;program;printed;football;studied;magic;kept
strike;before;activity;process;tune;watch;climate;ability;thousand;dog
would;yesterday;parts;heat;gently;bad;dear;essential;trail;wrapped
accident;meat;gentle;exact;remain;baseball;eat;southern;frozen;comfortable
as;grew;neighbor;memory;due;break;protection;include;whether;division
successful;center;change;death;met;later;changing;grabbed;growth;baseball
track;key;low;island;biggest;sign;merely;nearest;thrown;electric
belong;key;tropical;school;your;clothing;river;moving;crack;property
example;troops;blood;lose;browserling;baby;observe;provide;changing;thousand
brave;garage;water;section;using;mysterious;myself;figure;shot;atomic
office;nice;found;while;many;common;change;swam;kill;opportunity
soft;smile;quickly;everywhere;complex;breath;branch;began;mind;tongue
afternoon;settle;bet;grow;happy;block;chosen;stick;won;locate
could;before;particularly;teacher;fastened;today;loss;sent;ocean;wooden
saved;rice;name;location;area;somehow;square;broken;weight;coat
sum;spirit;move;angry;diagram;seen;shadow;liquid;fair;nearby
accident;situation;stuck;putting;bad;within;tree;child;become;opposite
load;frighten;stared;captured;leave;swept;future;hit;official;pen
muscle;soft;theory;during;arrive;rear;alone;safe;available;rhyme
recently;damage;search;labor;every;struck;solar;grew;tide;finish
snow;rhyme;flag;steel;voyage;lost;pleasant;telephone;attack;foreign
box;guard;putting;planned;including;damage;later;gentle;basis;fur
chest;yet;system;exclaimed;late;agree;discovery;duck;night;machine
just;taste;longer;fruit;laugh;numeral;suggest;shaking;song;bee
grade;closer;other;care;simplest;rubbed;block;interest;myself;bar
positive;walk;know;trick;instrument;gate;moon;law;angry;money
pair;strong;appearance;mind;speech;mad;word;club;down;control
cutting;involved;welcome;pencil;wife;seldom;lungs;remove;party;skill
final;history;future;low;mysterious;boy;fun;particles;strike;double
author;cold;metal;bowl;storm;pressure;corner;mouse;buried;probably
capital;grain;slept;band;drawn;alone;soil;work;suddenly;tonight
place;properly;ride;fresh;lion;satisfied;corner;cause;cloud;play
far;average;serious;health;kind;paragraph;recently;never;several;mistake
shine;route;home;final;edge;airplane;soldier;tide;curve;major
degree;dangerous;however;properly;bring;becoming;opposite;column;term;population
product;grown;understanding;universe;pick;sink;broad;neighbor;everywhere;quick
pass;easily;badly;such;wherever;once;eye;view;outer;review
tell;can;last;nest;broad;gave;he;sense;sang;luck
factory;neighbor;behavior;won;fierce;neck;bit;asleep;line;roof
how;property;having;north;bite;production;related;community;fallen;deep
donkey;cannot;rather;pink;coming;freedom;lake;widely;waste;lady
combination;continued;drawn;equator;gray;cloud;cake;yet;mouse;twenty
third;brick;general;son;ship;symbol;light;whether;location;mail
cause;pot;gain;so;else;birds;angle;exclaimed;red;higher
lake;driver;them;therefore;list;news;station;until;close;thirty
safe;river;trail;any;throat;plant;swung;let;good;changing
task;compare;strength;cowboy;pure;fighting;rubber;wagon;swim;wheat
account;longer;frog;merely;already;promised;river;visitor;me;vowel
natural;entirely;pay;contrast;hill;am;orange;nearby;heard;affect
onlinetools;problem;rule;toward;run;star;brass;nine;oldest;come
fight;get;forget;nothing;color;member;plate;tired;does;wild
which;action;solution;he;cause;knew;ate;carry;birthday;extra
inside;they;valley;block;floating;seat;modern;mother;follow;attention
bare;arm;ate;football;piano;bite;size;silver;feature;lead
thumb;finger;stairs;read;unhappy;breeze;beauty;time;chose;indeed
thank;shirt;dog;air;go;oldest;happily;are;score;plant
military;wooden;frighten;gulf;strike;tide;accept;after;adult;saddle
traffic;soldier;camera;image;brown;guide;snow;hello;want;somehow
eye;sister;hay;zoo;claws;shut;discuss;mysterious;control;breakfast
while;swim;dried;sale;action;stronger;possible;change;about;run
score;thing;missing;clothing;color;gun;hope;clock;accurate;muscle
blow;organized;flag;long;decide;arrive;without;nails;gave;blank
swim;though;purple;rush;zoo;nuts;we;food;research;prize
order;gravity;plates;wooden;week;plate;air;wrong;transportation;roll
are;swam;list;throw;occur;thumb;equator;measure;fine;steam
grow;her;cotton;basis;paragraph;nature;closely;bent;explanation;using
old;blue;twenty;nice;widely;diagram;fall;around;stove;behavior
variety;shoulder;snake;neck;hurt;pink;hit;dirt;actually;shine
they;cell;complete;related;famous;ants;else;choose;universe;ants
wrote;feel;definition;element;gate;important;congress;high;number;center
cloud;oxygen;cool;instance;card;final;from;species;danger;object
choose;stronger;second;development;till;driving;worry;card;snow;explore
54151054S;softly;fifteen;location;monkey;heart;establish;reader;spread;government
took;twelve;disease;addition;younger;smile;built;consist;guide;favorite
baseball;failed;national;moment;wave;expression;even;until;offer;fox
hope;nation;oxygen;tell;accident;then;table;love;interior;art
wear;thee;took;stand;soft;off;plan;slept;within;spend
circle;do;hospital;according;actually;glass;mighty;child;horse;saved
moon;low;affect;report;rush;entirely;material;pool;potatoes;buried
everybody;whenever;experiment;feel;shut;park;dropped;till;step;chain
pupil;fix;faster;curve;like;continued;everyone;have;dog;steady
person;excellent;chose;shoot;double;parts;leather;clean;tonight;turn
thing;spin;pour;wind;minerals;after;anywhere;acres;suggest;thy
ordinary;corner;student;scale;interest;film;ground;village;plural;begun
pair;clay;result;shade;there;wooden;door;treated;likely;already
dug;religious;person;church;behavior;recall;cent;youth;blew;pilot
large;satisfied;figure;state;closely;written;history;mud;laugh;drew
for;spite;drop;command;remember;pretty;suit;influence;command;nearer
belt;said;belong;told;limited;ability;simply;failed;hat;lesson
accident;round;history;form;work;importance;six;teacher;sit;syllable
means;back;bicycle;control;shut;stems;cost;met;peace;having
additional;balloon;entire;consist;slide;arrow;post;lead;earlier;particularly
near;ought;jungle;operation;aside;master;step;instrument;nor;determine
thirty;sitting;frighten;season;sent;door;lungs;dust;neck;harder
population;earth;to;garage;social;good;invented;hard;conversation;pupil
block;shinning;magic;beginning;leaf;account;pictured;lion;nose;breakfast
glass;motion;silver;balance;lunch;deal;over;birds;surprise;cloud
shells;size;usually;ruler;explanation;handsome;this;diameter;sale;motion
while;fast;satisfied;guess;fast;worse;sun;topic;simple;quite
instrument;nine;trouble;broken;middle;noon;salmon;putting;range;hardly
mental;pen;harder;broken;negative;atomic;ants;nuts;off;thou
thing;nearest;zoo;over;tea;reason;mirror;gold;rising;therefore
contrast;mail;definition;future;window;western;stage;nine;prepare;record
thumb;cotton;mathematics;equator;leather;may;watch;yourself;straw;whatever
slide;grandmother;tight;anyone;everything;list;spring;state;even;alone
therefore;round;lake;dull;escape;warm;original;century;drawn;may
wrote;lot;ice;traffic;character;parts;tea;metal;indeed;box
show;rose;lie;dawn;further;health;grain;piece;active;onto
vegetable;movement;prize;respect;shine;whatever;necessary;race;scientific;customs
great;useful;above;mostly;property;chosen;believed;plan;population;difficult
handsome;milk;aloud;floating;meant;pie;before;television;fifth;classroom
mine;decide;became;shine;pencil;reader;cattle;journey;feed;clearly
depend;join;excitement;greater;army;attention;our;swept;individual;been
development;sudden;thus;back;subject;eleven;sense;live;sheep;flame
nation;decide;swing;exactly;breakfast;result;mood;smaller;happy;orange
flies;still;divide;third;throw;quick;season;captured;animal;basis
occur;structure;two;railroad;story;between;sky;fewer;silk;have
construction;rubbed;stranger;ask;anyone;bee;branch;pink;child;strike
theory;when;raw;birds;gray;older;carried;its;court;society
turn;paragraph;similar;loud;primitive;outside;when;sure;dinner;bottom
night;activity;tune;public;about;every;sat;dream;labor;before
spirit;studied;cold;someone;is;length;rapidly;direction;pitch;rush
making;instant;experience;party;cup;rod;face;clean;greatly;search
manner;wooden;pole;give;property;independent;subject;instant;order;chief
series;brief;bar;drink;impossible;directly;task;art;heard;unhappy
joined;naturally;cloth;special;observe;paragraph;ask;face;western;all
notice;report;larger;pond;central;rose;crop;edge;bound;equal
honor;make;rod;mistake;allow;just;youth;caught;did;surprise
angle;sign;opinion;bridge;vote;seems;excited;student;bow;partly
factor;ever;drop;pocket;metal;tip;free;young;catch;by
earth;promised;yesterday;answer;leave;species;possible;origin;brown;middle
enter;art;stood;spin;clothes;radio;title;everybody;crowd;hunter
favorite;heat;guess;paint;come;corn;mill;involved;position;press
heading;warm;hundred;came;doing;fourth;choose;without;ill;answer
chemical;change;expression;exclaimed;twelve;fallen;volume;gently;swing;certain
breath;die;castle;nearest;who;morning;third;mass;forty;entire
poetry;steep;properly;mill;locate;bean;leg;browserling;straw;shore
operation;sang;spend;fuel;how;difficulty;box;upward;theory;helpful
spend;boat;upper;character;printed;until;half;my;twelve;war
clothing;camera;dozen;mother;two;won;establish;canal;hospital;call
equally;when;bare;earth;fourth;example;least;farmer;equal;wore
that;influence;club;cause;door;test;stared;usually;current;parent
throw;stick;every;moment;pilot;fear;ear;birth;park;form
land;pole;speech;longer;seen;grabbed;ants;happily;therefore;loss
express;fifty;compass;available;fire;tall;trunk;knife;wrapped;adjective
smell;solid;strength;chain;increase;grow;short;rate;sharp;honor
flies;inch;shoulder;instead;better;me;flat;idea;outside;field
cheese;happy;baby;trace;path;will;rod;doubt;giving;president
mathematics;establish;lead;mixture;jet;activity;acres;song;rush;firm
cool;additional;invented;44826176G;handsome;accident;dinner;tobacco;pilot;sound
wooden;front;occur;engine;fifty;effect;heard;lonely;lost;property
land;blue;middle;pencil;club;car;family;halfway;folks;old
without;final;harbor;contrast;plenty;simple;fly;move;ask;too
sat;property;bright;team;circle;idea;mother;broken;age;shade
taught;nearly;tightly;foreign;himself;four;pay;doubt;comfortable;whispered
struggle;soap;prize;lady;actual;safe;writing;rubber;screen;high
twice;blow;far;shallow;mixture;positive;root;once;connected;snow
rather;lose;principal;done;control;office;hard;village;scared;equipment
pencil;wild;grandmother;learn;receive;seven;join;lion;bank;far
torn;pipe;having;helpful;doctor;guide;honor;lion;sit;cut
construction;six;picture;sweet;score;surrounded;composition;silence;driven;clock
understanding;judge;vertical;fell;buffalo;friend;grass;sure;mind;actually
fairly;raise;sides;whom;human;play;trap;acres;hearing;seen
sugar;strike;prize;occur;did;rubber;back;wild;muscle;solar
shoot;period;your;early;molecular;cause;slabs;hand;began;energy
offer;fact;train;green;almost;hole;clock;mighty;vast;trunk
engineer;memory;feathers;tower;business;baby;worried;little;metal;till
include;effort;anybody;is;come;matter;trace;vote;wild;can
teacher;fight;announced;temperature;single;long;failed;teacher;construction;series
nature;chest;struggle;straw;quarter;unusual;smallest;once;desk;valuable
account;clearly;information;plant;impossible;nodded;victory;kill;silence;column
perfect;dot;rhyme;hurry;largest;coach;before;natural;luck;check
past;month;pie;outside;pitch;powder;arrange;ball;accept;sugar
plate;lost;orbit;visit;disappear;paid;valuable;coming;station;author
kids;library;composed;arrow;tell;copy;rabbit;season;trace;command
different;serve;image;ability;swimming;seems;has;student;copy;sing
daily;hello;repeat;nothing;slide;steam;police;bottom;crowd;composition
wheel;pair;manufacturing;gray;ready;her;too;aware;silent;ice
cross;joined;left;dress;guard;command;pig;barn;dull;thank
occur;means;dear;seems;carefully;space;truck;picture;thirty;hard
dangerous;village;disease;atmosphere;mean;correctly;nuts;statement;end;square
pupil;plus;north;when;adjective;sold;real;amount;special;electricity
frighten;tin;leather;whistle;furniture;map;log;hat;least;refer
took;ask;afternoon;gradually;population;married;proper;something;seldom;studying
aid;standard;cookies;shout;stairs;pass;arrangement;such;opinion;vertical
harbor;laid;friendly;sun;rich;highway;border;floating;wood;say
heat;dead;numeral;studied;furniture;night;perhaps;thrown;part;waste
blind;shadow;grew;noise;scale;proper;frog;belt;war;satisfied
fellow;large;audience;replied;bigger;capital;my;nature;plane;sight
layers;type;coal;below;tobacco;club;still;solid;instant;cry
week;north;cast;method;enough;unusual;once;spin;gone;firm
author;diameter;excellent;orange;airplane;train;cast;drawn;basic;ground
jungle;meal;discussion;rate;table;brief;everybody;replace;direct;buy
plant;fighting;opposite;eager;fix;sight;loud;shop;meat;sent
ability;cattle;ocean;yourself;certainly;after;forth;full;thy;stranger
became;must;sit;gun;pleasant;seems;poet;hole;escape;public
courage;smoke;giving;increase;coast;standard;win;slept;guess;lift
word;front;exciting;sand;nearby;rise;anywhere;lunch;mood;farmer
constantly;hand;wealth;eaten;range;addition;report;who;leg;badly
aloud;six;pair;river;worker;wash;original;breeze;fully;express
obtain;frozen;strange;worry;man;suppose;plan;tears;family;name
wing;lamp;chain;result;active;wrapped;vowel;as;develop;office
girl;frozen;without;forty;specific;huge;zoo;rain;lunch;master
beat;include;reach;serve;library;powerful;deer;saddle;natural;army
explanation;town;trap;meet;key;directly;independent;hollow;visitor;thread
some;worry;needed;gold;who;young;slipped;stuck;was;powerful
string;identity;never;cloth;according;difference;difference;warm;is;getting
mother;am;ought;bent;heading;dried;accurate;measure;rate;free
truck;powder;flies;promised;cover;shinning;just;river;living;understanding
jungle;front;sight;anybody;paragraph;hurry;doll;ordinary;wall;imagine
weight;buy;lead;primitive;salmon;record;lead;history;pay;gray
know;night;atomic;also;frozen;share;useful;does;substance;mud
milk;wave;century;breath;halfway;aside;moment;try;drew;brown
popular;son;belong;expression;accept;receive;explore;effect;avoid;shore
doubt;deeply;moment;loose;laid;control;combine;prepare;life;other
plant;sides;great;act;thus;find;carbon;sad;tales;observe
team;happily;purpose;rate;grass;34884093Q;nine;leaving;inside;say
pond;example;wave;control;bat;movement;memory;divide;exclaimed;stronger
lips;spread;sets;particularly;deal;island;after;lose;known;various
someone;excitement;volume;glad;luck;behind;arrange;stiff;fire;under
respect;milk;swing;subject;bear;using;cent;directly;husband;difference
board;substance;farther;studying;wrote;atomic;cause;popular;room;essential
street;mixture;case;wear;view;seven;die;depend;carbon;down
doing;belt;tired;making;herself;rich;bit;horn;citizen;rising
over;seat;rhyme;mysterious;over;dish;division;bridge;seat;speech
dollar;base;grabbed;nothing;held;southern;curve;grandfather;essential;problem
agree;attack;dull;finger;tank;sold;draw;tonight;atmosphere;figure
involved;drive;fat;tonight;box;tip;might;layers;gone;skin
glad;circus;wise;wonderful;throughout;cage;can;future;speed;fed
phrase;operation;activity;day;balance;company;realize;fourth;slip;quickly
page;anything;related;traffic;pilot;police;weak;off;fair;tide
heavy;reach;front;natural;rocket;somehow;music;thrown;straight;grandmother
halfway;essential;enter;successful;apartment;series;sitting;shot;corn;butter
might;gradually;trunk;case;cell;leg;thy;identity;hearing;sink
information;ranch;full;wooden;ear;result;nearby;possible;pan;nearby
giant;among;feet;occur;refer;faster;closer;tall;view;kids
spite;shot;complete;pure;function;closer;case;balloon;taught;season
more;community;planet;bus;egg;frighten;opposite;else;try;find
depend;thick;desert;additional;stairs;wore;note;youth;somebody;themselves
stared;slow;park;daily;lady;last;swim;spider;captain;forget
operation;nearly;fort;speak;later;bite;forgot;similar;serious;bound
popular;human;was;frog;drop;means;tie;suit;picture;better
caught;dish;glass;exactly;fruit;roof;opportunity;related;rhythm;almost
pie;beauty;bring;spite;copy;partly;control;husband;tears;frighten
fish;experiment;rhythm;wall;kids;immediately;laid;better;serious;thou
under;regular;forget;mouth;herself;wing;map;exclaimed;troops;becoming
opinion;identity;state;however;led;real;valley;fewer;herself;reason
everything;early;began;them;peace;lamp;curious;view;scene;habit
common;locate;actually;plural;hold;pale;storm;corn;end;song
expect;know;according;gather;some;sail;difference;make;detail;attention
party;thirty;cheese;compare;threw;hat;blew;tip;parent;accept
frog;automobile;swam;gift;figure;smallest;shelter;vowel;mouse;peace
nuts;farther;coming;58039793Y;shorter;dog;skin;across;anything;standard
except;sort;ship;expect;mother;source;certain;lot;throat;major
game;rod;factory;unusual;shelf;listen;public;quarter;settle;gain
snake;step;zoo;neighbor;arrow;southern;attached;death;themselves;egg
book;result;foot;new;flies;shore;pressure;welcome;fruit;grandfather
alive;additional;contain;roll;triangle;drive;sink;among;moment;root
muscle;brother;whatever;butter;blood;climb;weight;well;section;bar
prevent;swim;behavior;shadow;cotton;strong;gulf;police;increase;location
suppose;entirely;gold;both;been;tobacco;supper;line;husband;fish
actually;three;treated;fastened;curve;therefore;living;pride;locate;direct
green;only;deal;military;tool;stop;facing;wish;crop;make
curious;fifty;above;rock;ride;name;adult;grain;office;maybe
lesson;dug;done;receive;first;mass;went;thrown;temperature;milk
been;suit;mathematics;put;cap;each;indicate;will;correct;beyond
scale;sometime;wrong;many;share;of;somehow;look;sudden;pond
flame;scientist;smell;spite;previous;situation;thing;success;every;water
explain;brown;examine;give;longer;bush;weak;rather;middle;art
represent;level;fellow;favorite;nest;older;active;feature;aboard;impossible
noun;spread;goes;truck;through;hang;stop;past;inch;bad
reader;flew;fireplace;kind;numeral;dawn;bare;chose;end;quick
tears;beat;say;worker;plant;action;him;worker;fighting;voyage
explain;health;part;gasoline;composition;wire;manufacturing;plate;score;people
these;period;water;tonight;spin;foot;on;whom;women;given
race;swung;frequently;dollar;member;lesson;lesson;toward;build;powder
blow;common;bow;fallen;garden;quietly;outside;fog;affect;applied
enough;correctly;hat;key;brave;any;love;born;start;mouth
further;first;dirt;sister;till;desert;nine;thousand;finger;southern
gently;tongue;sunlight;drive;suit;allow;half;waste;is;put
major;organization;troops;those;population;report;herd;mass;try;mill
count;slipped;gray;wife;stopped;business;type;price;tears;able
habit;steady;call;after;plus;on;spite;taught;one;call
available;fellow;finger;both;fought;slow;chemical;library;born;statement
she;draw;movement;immediately;visitor;down;within;were;can;eventually
full;thank;shape;garden;hour;knew;very;whenever;five;supper
himself;49667378M;zero;try;act;adult;tube;fat;twenty;race
clearly;label;egg;furniture;spoken;thou;attention;cut;come;explain
feel;time;realize;speech;health;western;environment;successful;station;mind
run;hungry;strip;according;spite;education;example;serious;case;joy
strip;nature;board;familiar;fierce;brain;size;cold;brain;system
path;stand;strike;instrument;heard;rush;wool;somewhere;mostly;gentle
limited;shut;soldier;dangerous;coffee;border;electric;leaving;railroad;basic
account;summer;answer;zero;single;aside;limited;wild;college;eleven
own;plates;seat;race;we;suggest;level;laid;pictured;aboard
lie;final;feed;electricity;whenever;yellow;meal;shallow;treated;willing
say;ruler;silly;remove;world;consist;58000457T;uncle;cool;line
form;length;sense;hall;grown;circus;nails;moon;grabbed;rain
satellites;slowly;brush;prize;liquid;basis;park;education;thing;adventure
mistake;needed;theory;those;board;paint;stone;music;finger;different
somebody;attention;fourth;trade;donkey;bottom;egg;sometime;visit;fix
themselves;asleep;what;studying;parallel;area;hospital;fought;herself;large
spider;typical;stared;hurry;roll;although;store;name;face;source
page;struck;pine;sheet;doubt;journey;nearest;fox;western;women
child;tube;ants;lack;center;feed;lamp;raw;since;equipment
tune;stream;news;triangle;across;spell;count;still;cup;brought
wild;send;rain;quarter;believed;flame;gasoline;fox;add;best
individual;green;using;send;sink;look;have;strong;ago;point
pleasant;differ;tales;bell;ring;equal;toy;adjective;discussion;exist
quarter;headed;vast;boat;bow;throughout;nose;science;cowboy;sail
drink;mad;no;railroad;hardly;full;trace;vote;hardly;guide
press;accurate;biggest;pretty;telephone;separate;comfortable;crew;those;scientist
mirror;perfectly;potatoes;independent;wing;interest;fourth;composed;article;treated
plus;chose;girl;ruler;religious;soldier;spread;split;up;snow
police;good;picture;chart;they;pole;ear;quiet;repeat;meat
day;environment;potatoes;office;burn;other;divide;serious;two;sweet
mind;process;service;express;flight;measure;hide;balloon;help;perfect
answer;have;wash;language;army;girl;gift;your;consonant;shape
wire;won;increase;afraid;again;help;softly;smaller;printed;child
thick;loose;matter;so;paragraph;behavior;meat;mouse;gave;tales
mostly;everybody;pipe;quick;process;alive;straight;smile;mountain;knowledge
route;lamp;ear;spoken;year;problem;tool;wood;receive;hair
note;positive;facing;round;neighbor;black;although;whatever;thing;subject
single;read;prove;shaking;fifteen;period;married;against;wall;solution
cloth;direct;let;built;speech;pond;visit;pie;universe;milk
imagine;orbit;serve;themselves;house;military;whom;up;smell;dot
held;disease;dry;piano;stopped;theory;manner;burst;nails;gravity
family;dear;early;today;machine;correct;then;recall;talk;cattle
obtain;carried;stretch;were;rapidly;occur;frequently;bill;citizen;aware
rough;classroom;dirty;satellites;slide;mysterious;season;willing;exclaimed;sister
clock;tip;exist;go;grass;mice;beautiful;would;fifteen;rule
will;compound;sail;nobody;carried;branch;just;some;coming;world
tie;line;deeply;command;life;spin;church;mice;very;struck
toy;office;most;expression;empty;done;fought;sad;article;thumb
send;largest;mountain;summer;shallow;add;lake;list;movie;blow
desert;ability;duty;cake;establish;ate;each;rubbed;bell;tired
ill;explanation;cheese;pink;radio;impossible;waste;respect;problem;creature
realize;globe;individual;example;threw;ability;unknown;trouble;fireplace;pick
hope;indeed;frighten;contain;relationship;only;did;former;pipe;ranch
somehow;found;wood;thin;topic;time;rice;she;indicate;paid
face;raise;inside;rocket;both;fur;onlinetools;captain;she;adult
frequently;lamp;better;exchange;breathe;column;pocket;gain;education;strong
buried;firm;rose;vote;molecular;fear;story;or;dangerous;introduced
smooth;pure;again;natural;rush;society;life;draw;constantly;gave
into;stopped;simple;various;great;struggle;hospital;allow;noon;fallen
discovery;ball;seen;force;finish;free;split;contain;before;beauty
direct;dirty;wool;horn;song;made;fed;thus;ground;blank
past;joy;living;up;sitting;can;five;throw;drive;traffic
right;slept;parent;actually;cross;brown;pleasant;oxygen;his;pig
environment;children;over;anyone;consonant;letter;minerals;manner;rapidly;paper
heard;official;brave;lie;palace;stairs;someone;cabin;applied;boy
furniture;power;pencil;twenty;able;political;salmon;mixture;weak;made
supply;minute;handsome;fish;shorter;women;fear;lot;plus;living
sky;anything;damage;butter;knife;teach;lying;fell;across;nor
teach;order;bite;war;48112685C;birds;fire;sets;choice;grew
owner;drew;policeman;jet;jet;directly;enough;waste;studying;according
welcome;aside;stove;cook;breath;solution;within;piece;needle;should
uncle;muscle;being;congress;stock;material;weight;great;myself;tank
soil;fact;thousand;bell;anybody;bowl;result;keep;lose;part
automobile;adventure;answer;finger;score;lips;nose;spent;pitch;page
that;where;nothing;walk;package;behavior;equal;beautiful;doing;route
growth;boat;care;excitement;build;against;mill;manufacturing;stone;therefore
herself;you;hunt;rope;couple;surface;soldier;former;wonder;manner
potatoes;package;measure;potatoes;with;roof;chief;valuable;grandmother;rope
get;sale;tired;view;sugar;audience;highway;out;leader;catch
suddenly;situation;hard;five;forth;death;properly;here;hit;due
route;feathers;examine;pretty;important;along;swim;pen;press;leg
keep;object;teach;suddenly;feathers;out;cry;describe;finest;smaller
recognize;thousand;refer;but;future;us;or;shown;song;verb
behind;refer;gave;north;little;slightly;exact;beyond;place;cost
fear;where;deal;interest;nice;probably;mail;pond;worker;won
familiar;ride;properly;practice;lungs;curious;past;seed;combine;tie
model;nice;excited;fellow;cake;operation;wind;label;ear;below
air;slabs;for;people;loose;drew;happily;determine;card;stronger
earth;written;however;while;heart;follow;lie;hot;globe;three
six;consonant;chest;down;liquid;effect;our;quite;discovery;particular
nature;compare;shape;work;will;matter;flower;phrase;remarkable;wise
take;welcome;prepare;locate;coal;turn;music;aloud;money;parts
new;partly;teacher;cloud;news;rule;heat;fur;throw;furniture
far;dawn;pilot;pen;scene;church;capital;develop;division;toward
friendly;soap;appropriate;attempt;make;direction;pig;forget;easily;corner
collect;letter;alphabet;central;day;composition;her;fun;he;does
graph;ought;gate;stretch;sitting;minerals;dance;owner;merely;separate
star;begun;excited;burn;remarkable;way;valuable;shaking;wonder;driving
outer;sugar;drawn;follow;across;ran;instead;prove;east;faster
beautiful;government;better;composed;pile;rough;thumb;poet;principal;gentle
lost;loud;energy;quietly;apartment;forty;possible;growth;serve;flag
steady;fine;tide;vote;last;taken;surrounded;clear;drop;including
secret;softly;season;nobody;breathe;halfway;continent;exist;like;two
safety;farm;shoe;scientist;palace;question;window;smallest;gather;careful
idea;glad;truck;sheep;value;distant;thing;behavior;certain;unless
thing;rock;brick;town;article;actual;honor;unusual;phrase;already
simple;that;salmon;ocean;news;tower;saddle;beneath;studied;camp
cheese;sharp;smoke;week;repeat;religious;press;body;mighty;coach
total;meant;win;curve;percent;wrapped;joined;enemy;smile;here
appearance;once;sort;also;specific;trunk;nose;write;far;film
easier;fill;information;pleasure;driving;blue;water;everyone;colony;thy
listen;but;teeth;thrown;cent;swimming;chamber;result;thank;fix
been;score;possibly;willing;kept;band;gas;surprise;paid;table
drove;recently;truck;damage;luck;planet;goes;situation;but;among
frog;putting;birthday;specific;outline;six;young;smallest;prevent;smile
hall;has;sugar;part;driver;ruler;does;cry;within;black
cage;shells;clothes;day;bound;progress;development;think;supply;spend
dig;leg;known;material;track;felt;thing;quickly;different;your
breakfast;decide;front;signal;country;compass;type;constantly;have;rocky
numeral;pupil;beginning;cool;exactly;check;price;curious;rear;hundred
we;charge;upon;shut;mice;stopped;pocket;drawn;appearance;foot
written;final;blow;smoke;mission;cabin;met;cookies;good;tin
individual;someone;distance;correct;private;large;feet;perfectly;course;column
east;highway;torn;call;sight;matter;tool;become;rays;clothing
know;at;certainly;take;frozen;highway;operation;mud;seat;poet
die;article;view;ship;run;proud;any;shout;labor;empty
note;few;yesterday;alike;led;than;catch;path;grade;typical
strength;hour;entire;make;tribe;die;prevent;during;few;bank
experience;slabs;after;mysterious;found;exact;people;tide;thumb;carbon
rock;bank;oxygen;particular;leave;slabs;tower;plus;space;wrapped
express;became;mighty;develop;had;dangerous;tent;thousand;give;badly
language;future;effort;dried;swing;fewer;nor;gather;ring;habit
direction;touch;slide;design;birds;art;type;steep;anyway;bread
basket;49203577E;noted;shelf;men;stopped;whatever;island;young;book
lost;layers;enemy;charge;roll;physical;carbon;sat;tonight;pilot
before;building;cutting;floor;cookies;opportunity;border;waste;common;importance
frame;surprise;deeply;instrument;though;bright;salmon;account;diagram;feet
suit;but;drop;experiment;desk;waste;plant;machine;pull;official
hung;certain;particularly;swing;temperature;equipment;library;carried;behind;correct
outline;travel;everything;milk;seat;sight;success;open;terrible;allow
anywhere;charge;equipment;drawn;plain;raise;electric;son;feel;sense
sense;aware;belt;become;leave;pound;hung;run;distant;collect
hold;suggest;disease;bottle;paragraph;refer;addition;shelter;spider;step
respect;other;belong;social;native;race;warn;torn;up;myself
whispered;port;afternoon;test;quick;only;it;silence;term;union
stood;brave;yard;plural;from;doll;fly;citizen;card;needed
blind;upward;hello;sang;coming;aid;animal;doll;breathe;year
report;structure;know;bet;acres;they;neighbor;parent;chicken;third
rubber;plain;problem;sister;valley;continent;anywhere;deeply;buy;stop
earth;chance;direct;harbor;sail;mirror;younger;highway;hat;describe
lovely;blow;army;present;shelter;his;find;suit;noon;aloud
read;within;parts;studied;trip;women;job;carry;good;temperature
mill;shade;respect;at;once;yard;chain;shirt;hunt;broke
trunk;nodded;energy;deer;animal;story;heading;kind;nice;kind
today;reader;clothes;organized;real;primitive;movement;there;involved;market
wild;symbol;thumb;please;they;outline;view;curve;road;tight
seen;taste;rabbit;vapor;writing;religious;depth;point;beautiful;therefore
begun;proper;pilot;double;something;arrow;group;judge;suddenly;stepped
brought;let;write;advice;tried;swung;plus;canal;country;raw
toy;belt;49683071N;best;explanation;rubber;close;teach;order;dozen
exist;exclaimed;breathing;public;tried;shot;fifteen;other;am;carried
needed;position;what;balloon;tree;improve;problem;century;dear;goose
both;wind;usual;recognize;may;parts;student;with;upon;temperature
putting;to;atom;hang;torn;great;sister;log;instance;good
newspaper;product;enough;daughter;mill;now;potatoes;nose;adult;statement
brave;command;answer;jump;feel;nearest;touch;natural;seen;within
topic;sheet;pour;first;pilot;though;white;friend;remove;noise
sort;solid;chart;composition;story;fifty;open;globe;tobacco;serious
mad;rock;wealth;construction;hungry;cent;select;local;have;vegetable
exciting;slip;previous;slept;due;wonderful;partly;service;tears;previous
shake;star;floor;seldom;highway;verb;those;law;known;with
actually;let;reason;compound;paid;saved;solve;twenty;nose;season
ocean;read;told;down;mouse;shoulder;beautiful;surface;book;feature
stay;exist;worried;pet;there;grew;hit;remember;we;breeze
rule;anything;rapidly;again;congress;bet;balloon;except;area;bent
headed;kind;your;colony;image;remain;wild;ought;excited;famous
him;roar;did;hurry;dollar;bell;next;tears;construction;with
early;dozen;can;cry;grandmother;ring;time;our;wagon;involved
plenty;pan;by;poor;children;letter;firm;atom;torn;food
visit;did;solid;shine;income;pole;hunter;third;ship;rubbed
wool;burst;mighty;ear;lunch;worker;into;fresh;doctor;lamp
nothing;protection;pair;labor;completely;move;afternoon;tower;dull;worry
bicycle;as;strip;question;direction;pick;gone;shaking;ourselves;mathematics
score;promised;glass;equally;halfway;few;please;journey;chief;success
blank;copy;rather;bean;taste;beat;chicken;can;crowd;receive
information;scared;gold;storm;actual;date;lonely;anybody;missing;else
position;action;brown;which;child;badly;view;amount;fence;native
major;bare;should;scale;matter;join;bad;central;touch;remember
young;prepare;corner;wife;adult;mind;stop;afraid;exciting;education
early;paint;wrapped;chicken;individual;satisfied;rope;make;concerned;easier
final;coming;flies;potatoes;neck;dear;numeral;write;silence;later
get;labor;climate;personal;elephant;gone;model;title;husband;bicycle
plan;without;slow;balance;appropriate;clear;tin;straight;sell;actually
beyond;49916600E;sweet;brain;blow;greater;plane;key;guess;dust
did;office;forgotten;mental;crew;order;empty;escape;many;create
around;enemy;angry;wait;stick;during;town;fourth;our;tax
lower;manufacturing;four;saw;wrote;smaller;shut;heavy;welcome;simply
couple;stream;frighten;measure;statement;completely;free;done;different;height
enter;hardly;principle;final;stood;ate;whenever;around;cream;discussion
chain;even;beautiful;rise;dinner;courage;reason;per;radio;voyage
whom;small;rear;hard;else;cotton;nothing;field;though;check
four;floating;already;will;life;them;exact;fix;pictured;influence
